video_order,video_id
1,https://www.youtube.com/watch?v=qfAo6fZ6n5g
2,https://www.youtube.com/watch?v=Bu1CC9ws0iQ
3,https://www.youtube.com/watch?v=VIlbLOJ43zM
4,https://www.youtube.com/watch?v=poddm8D1NFw
5,https://www.youtube.com/watch?v=rVEWS0A3BMY
6,https://www.youtube.com/watch?v=efemIGFQ64M
7,https://www.youtube.com/watch?v=IS3jecmpqS8
8,https://www.youtube.com/watch?v=ZojE6UySIc0
9,https://www.youtube.com/watch?v=uwg5OkxSQVI
10,https://www.youtube.com/watch?v=Rl2ap0m6fGk
11,https://www.youtube.com/watch?v=SrWSy5Tl1P8
12,https://www.youtube.com/watch?v=eMiQNagbv_A
13,https://www.youtube.com/watch?v=LALbjarglYE
14,https://www.youtube.com/watch?v=aKZ_MUbuk_Q
15,https://www.youtube.com/watch?v=pDTCcBGo1Nc
16,https://www.youtube.com/watch?v=tfIVPBRU5q0
17,https://www.youtube.com/watch?v=fPlcSnuQjMc
18,https://www.youtube.com/watch?v=q_Rt_aB53GI
19,https://www.youtube.com/watch?v=n8PzhwxF19Y
20,https://www.youtube.com/watch?v=xglaXVtQcis
21,https://www.youtube.com/watch?v=75Je_0hZovQ
22,https://www.youtube.com/watch?v=h5VWUf0NuLA
23,https://www.youtube.com/watch?v=j_IAvL0B2AE
24,https://www.youtube.com/watch?v=PaVjQFMg7L0
25,https://www.youtube.com/watch?v=PcboHBVylEU
26,https://www.youtube.com/watch?v=-i9E_15NKmk
27,https://www.youtube.com/watch?v=JnD7cuoiji4
28,https://www.youtube.com/watch?v=zcGWMqdv1eQ
29,https://www.youtube.com/watch?v=9V714VOJ3NY
30,https://www.youtube.com/watch?v=cf-JO-SJlwU
31,https://www.youtube.com/watch?v=63JWqllFcpQ
32,https://www.youtube.com/watch?v=JAZrW-FArqU
33,https://www.youtube.com/watch?v=739IAKq9__A
34,https://www.youtube.com/watch?v=OGjwCmn_XI0
35,https://www.youtube.com/watch?v=Ozgykl3RCxk
36,https://www.youtube.com/watch?v=9Y0iO4c5XqM
37,https://www.youtube.com/watch?v=3dGe2FXOQOw
38,https://www.youtube.com/watch?v=Nh7UTeVXkrA
39,https://www.youtube.com/watch?v=F6NvxOOcGws
40,https://www.youtube.com/watch?v=4-fHSHnVJjI
41,https://www.youtube.com/watch?v=fGj5gj7XDBU
42,https://www.youtube.com/watch?v=I16Cul7BKtA
43,https://www.youtube.com/watch?v=r_uXFg4C9lI
44,https://www.youtube.com/watch?v=NvXK7rNNXdk
45,https://www.youtube.com/watch?v=T41AcAE0HkI
46,https://www.youtube.com/watch?v=T7THOmIYB2w
47,https://www.youtube.com/watch?v=gZA-TMYyLRk
48,https://www.youtube.com/watch?v=JsrFQs2L-U8
49,https://www.youtube.com/watch?v=6pF1MDHSeAc
50,https://www.youtube.com/watch?v=EzJ55OlogZ4
